Chinese Name,Age,Gender,Weight (kg),Height (cm),Hobbies
Ng Chee Meng,28,Female,84.2,157.7,Has a passion for photography and capturing life's moments. Enjoys baking and decorating cakes. Spends free time volunteering at animal shelters. Loves adventure sports like rock climbing and kayaking.
Wong Yong Kang,50,Male,57.2,151.5,Enjoys hiking and exploring nature trails. Loves reading fiction and non-fiction books. Frequently participates in community service events. Likes experimenting with cooking new recipes. An avid traveler with a keen interest in photography.
Goh Xiu Mei,65,Male,74.1,197.6,Has a passion for photography and capturing life's moments. Enjoys baking and decorating cakes. Spends free time volunteering at animal shelters. Loves adventure sports like rock climbing and kayaking.
Ng Xin Yi,30,Female,64.2,168.6,"Passionate about playing sports, particularly badminton and basketball. Finds joy in painting and drawing. Enjoys gardening and nurturing plants. A movie enthusiast who loves both classics and modern films."
Tan Xin Yi,47,Female,82.1,164,Has a passion for photography and capturing life's moments. Enjoys baking and decorating cakes. Spends free time volunteering at animal shelters. Loves adventure sports like rock climbing and kayaking.
Lim Xiu Mei,36,Male,95.7,174.3,Has a passion for photography and capturing life's moments. Enjoys baking and decorating cakes. Spends free time volunteering at animal shelters. Loves adventure sports like rock climbing and kayaking.
Chen Shu Ying,31,Male,50.3,196,Enjoys hiking and exploring nature trails. Loves reading fiction and non-fiction books. Frequently participates in community service events. Likes experimenting with cooking new recipes. An avid traveler with a keen interest in photography.
Lim Chee Meng,21,Male,91,175.3,Has a passion for photography and capturing life's moments. Enjoys baking and decorating cakes. Spends free time volunteering at animal shelters. Loves adventure sports like rock climbing and kayaking.
Wong Xiu Mei,27,Male,57.3,199.1,"Passionate about playing sports, particularly badminton and basketball. Finds joy in painting and drawing. Enjoys gardening and nurturing plants. A movie enthusiast who loves both classics and modern films."
Chua Zhi Wei,37,Female,66.6,150.3,Has a passion for photography and capturing life's moments. Enjoys baking and decorating cakes. Spends free time volunteering at animal shelters. Loves adventure sports like rock climbing and kayaking.
Lim Wei Jie,59,Female,88,163.1,Has a passion for photography and capturing life's moments. Enjoys baking and decorating cakes. Spends free time volunteering at animal shelters. Loves adventure sports like rock climbing and kayaking.
Chen Zhi Wei,37,Male,75.4,193.5,Loves music and plays the guitar. Interested in technology and often experiments with coding and gadgets. Enjoys swimming and water-based activities. A food lover who enjoys trying out local cuisines.
Lee Liang Wei,54,Male,86.3,168.3,Enjoys hiking and exploring nature trails. Loves reading fiction and non-fiction books. Frequently participates in community service events. Likes experimenting with cooking new recipes. An avid traveler with a keen interest in photography.
Ng Xiu Mei,36,Female,92.9,181.8,"Passionate about playing sports, particularly badminton and basketball. Finds joy in painting and drawing. Enjoys gardening and nurturing plants. A movie enthusiast who loves both classics and modern films."
Lim Jia Hao,26,Female,83,181.3,"Passionate about playing sports, particularly badminton and basketball. Finds joy in painting and drawing. Enjoys gardening and nurturing plants. A movie enthusiast who loves both classics and modern films."
Tan Wei Jie,29,Female,62.7,153.8,"Passionate about playing sports, particularly badminton and basketball. Finds joy in painting and drawing. Enjoys gardening and nurturing plants. A movie enthusiast who loves both classics and modern films."
Teo Hui Min,57,Female,76.5,183.6,"Passionate about playing sports, particularly badminton and basketball. Finds joy in painting and drawing. Enjoys gardening and nurturing plants. A movie enthusiast who loves both classics and modern films."
Tan Shu Ying,64,Female,89.5,182.8,"Passionate about playing sports, particularly badminton and basketball. Finds joy in painting and drawing. Enjoys gardening and nurturing plants. A movie enthusiast who loves both classics and modern films."
Chua Chee Meng,41,Male,83.1,162.3,An enthusiastic cyclist who explores new routes on weekends. Loves learning new languages and cultures. Enjoys writing poetry and short stories. Regularly attends yoga and meditation sessions.
Tan Jia Hao,51,Male,80.8,172.1,Has a passion for photography and capturing life's moments. Enjoys baking and decorating cakes. Spends free time volunteering at animal shelters. Loves adventure sports like rock climbing and kayaking.
Yeo Wei Jie,27,Male,60.1,192.1,Has a passion for photography and capturing life's moments. Enjoys baking and decorating cakes. Spends free time volunteering at animal shelters. Loves adventure sports like rock climbing and kayaking.
Yeo Xin Yi,59,Female,57.8,150.8,"Passionate about playing sports, particularly badminton and basketball. Finds joy in painting and drawing. Enjoys gardening and nurturing plants. A movie enthusiast who loves both classics and modern films."
Chua Yong Kang,42,Female,71,168,Enjoys hiking and exploring nature trails. Loves reading fiction and non-fiction books. Frequently participates in community service events. Likes experimenting with cooking new recipes. An avid traveler with a keen interest in photography.
Yeo Hui Min,34,Female,87.6,174,Has a passion for photography and capturing life's moments. Enjoys baking and decorating cakes. Spends free time volunteering at animal shelters. Loves adventure sports like rock climbing and kayaking.
Chen Chee Meng,61,Male,78,158.2,Has a passion for photography and capturing life's moments. Enjoys baking and decorating cakes. Spends free time volunteering at animal shelters. Loves adventure sports like rock climbing and kayaking.
Teo Zhi Wei,37,Male,87,167.2,An enthusiastic cyclist who explores new routes on weekends. Loves learning new languages and cultures. Enjoys writing poetry and short stories. Regularly attends yoga and meditation sessions.
Chen Jia Hao,40,Female,51.6,171.4,Enjoys hiking and exploring nature trails. Loves reading fiction and non-fiction books. Frequently participates in community service events. Likes experimenting with cooking new recipes. An avid traveler with a keen interest in photography.
Teo Yong Kang,36,Female,79.6,182.2,Loves music and plays the guitar. Interested in technology and often experiments with coding and gadgets. Enjoys swimming and water-based activities. A food lover who enjoys trying out local cuisines.
Tan Chee Meng,44,Female,76.9,174.6,An enthusiastic cyclist who explores new routes on weekends. Loves learning new languages and cultures. Enjoys writing poetry and short stories. Regularly attends yoga and meditation sessions.
Goh Hui Min,65,Male,59,187.5,An enthusiastic cyclist who explores new routes on weekends. Loves learning new languages and cultures. Enjoys writing poetry and short stories. Regularly attends yoga and meditation sessions.
Chua Xin Yi,51,Female,66.3,195.1,"Passionate about playing sports, particularly badminton and basketball. Finds joy in painting and drawing. Enjoys gardening and nurturing plants. A movie enthusiast who loves both classics and modern films."
Lee Jia Hao,55,Female,89,150,Has a passion for photography and capturing life's moments. Enjoys baking and decorating cakes. Spends free time volunteering at animal shelters. Loves adventure sports like rock climbing and kayaking.
Wong Jia Hao,18,Male,95.3,197.1,Loves music and plays the guitar. Interested in technology and often experiments with coding and gadgets. Enjoys swimming and water-based activities. A food lover who enjoys trying out local cuisines.
Wong Chee Meng,40,Male,88.7,183.5,"Passionate about playing sports, particularly badminton and basketball. Finds joy in painting and drawing. Enjoys gardening and nurturing plants. A movie enthusiast who loves both classics and modern films."
Yeo Liang Wei,52,Male,69.7,160.2,An enthusiastic cyclist who explores new routes on weekends. Loves learning new languages and cultures. Enjoys writing poetry and short stories. Regularly attends yoga and meditation sessions.
Ng Shu Ying,62,Male,98.1,183.4,"Passionate about playing sports, particularly badminton and basketball. Finds joy in painting and drawing. Enjoys gardening and nurturing plants. A movie enthusiast who loves both classics and modern films."
Tan Yong Kang,56,Male,93.8,196.1,"Passionate about playing sports, particularly badminton and basketball. Finds joy in painting and drawing. Enjoys gardening and nurturing plants. A movie enthusiast who loves both classics and modern films."
Chua Xiu Mei,32,Female,75.7,170.9,An enthusiastic cyclist who explores new routes on weekends. Loves learning new languages and cultures. Enjoys writing poetry and short stories. Regularly attends yoga and meditation sessions.
Tan Hui Min,49,Female,81.7,183.7,Enjoys hiking and exploring nature trails. Loves reading fiction and non-fiction books. Frequently participates in community service events. Likes experimenting with cooking new recipes. An avid traveler with a keen interest in photography.
Lim Liang Wei,19,Male,56.6,178.4,"Passionate about playing sports, particularly badminton and basketball. Finds joy in painting and drawing. Enjoys gardening and nurturing plants. A movie enthusiast who loves both classics and modern films."
Goh Zhi Wei,57,Female,85.4,184.2,Loves music and plays the guitar. Interested in technology and often experiments with coding and gadgets. Enjoys swimming and water-based activities. A food lover who enjoys trying out local cuisines.
Chua Wei Jie,25,Male,77,169,Has a passion for photography and capturing life's moments. Enjoys baking and decorating cakes. Spends free time volunteering at animal shelters. Loves adventure sports like rock climbing and kayaking.
Wong Liang Wei,18,Female,88.8,178.7,Enjoys hiking and exploring nature trails. Loves reading fiction and non-fiction books. Frequently participates in community service events. Likes experimenting with cooking new recipes. An avid traveler with a keen interest in photography.
Goh Liang Wei,46,Male,77.7,185.8,Has a passion for photography and capturing life's moments. Enjoys baking and decorating cakes. Spends free time volunteering at animal shelters. Loves adventure sports like rock climbing and kayaking.
Ng Hui Min,30,Female,61.5,189.7,Loves music and plays the guitar. Interested in technology and often experiments with coding and gadgets. Enjoys swimming and water-based activities. A food lover who enjoys trying out local cuisines.
Ng Zhi Wei,60,Female,84.4,199.7,Enjoys hiking and exploring nature trails. Loves reading fiction and non-fiction books. Frequently participates in community service events. Likes experimenting with cooking new recipes. An avid traveler with a keen interest in photography.
Chua Liang Wei,45,Female,57,166.8,Enjoys hiking and exploring nature trails. Loves reading fiction and non-fiction books. Frequently participates in community service events. Likes experimenting with cooking new recipes. An avid traveler with a keen interest in photography.
Tan Liang Wei,40,Female,53.5,155.6,Loves music and plays the guitar. Interested in technology and often experiments with coding and gadgets. Enjoys swimming and water-based activities. A food lover who enjoys trying out local cuisines.
Wong Shu Ying,63,Male,97.8,150.3,An enthusiastic cyclist who explores new routes on weekends. Loves learning new languages and cultures. Enjoys writing poetry and short stories. Regularly attends yoga and meditation sessions.
Lee Wei Jie,32,Female,60,150.5,Loves music and plays the guitar. Interested in technology and often experiments with coding and gadgets. Enjoys swimming and water-based activities. A food lover who enjoys trying out local cuisines.
Goh Wei Jie,49,Female,56.2,189.9,Has a passion for photography and capturing life's moments. Enjoys baking and decorating cakes. Spends free time volunteering at animal shelters. Loves adventure sports like rock climbing and kayaking.
Goh Chee Meng,43,Female,79.9,177.2,Loves music and plays the guitar. Interested in technology and often experiments with coding and gadgets. Enjoys swimming and water-based activities. A food lover who enjoys trying out local cuisines.
Lee Xin Yi,62,Female,52.7,189.3,An enthusiastic cyclist who explores new routes on weekends. Loves learning new languages and cultures. Enjoys writing poetry and short stories. Regularly attends yoga and meditation sessions.
Ng Yong Kang,24,Male,52.2,161.1,Has a passion for photography and capturing life's moments. Enjoys baking and decorating cakes. Spends free time volunteering at animal shelters. Loves adventure sports like rock climbing and kayaking.
Lee Zhi Wei,57,Female,85.7,178.8,An enthusiastic cyclist who explores new routes on weekends. Loves learning new languages and cultures. Enjoys writing poetry and short stories. Regularly attends yoga and meditation sessions.
Chen Wei Jie,18,Male,71.2,174.5,Loves music and plays the guitar. Interested in technology and often experiments with coding and gadgets. Enjoys swimming and water-based activities. A food lover who enjoys trying out local cuisines.
Ng Wei Jie,58,Male,92,183.6,Has a passion for photography and capturing life's moments. Enjoys baking and decorating cakes. Spends free time volunteering at animal shelters. Loves adventure sports like rock climbing and kayaking.
Lee Hui Min,46,Male,93.6,176.7,Enjoys hiking and exploring nature trails. Loves reading fiction and non-fiction books. Frequently participates in community service events. Likes experimenting with cooking new recipes. An avid traveler with a keen interest in photography.
Yeo Zhi Wei,33,Female,81.3,185,An enthusiastic cyclist who explores new routes on weekends. Loves learning new languages and cultures. Enjoys writing poetry and short stories. Regularly attends yoga and meditation sessions.
Chua Hui Min,33,Female,85.9,163.3,An enthusiastic cyclist who explores new routes on weekends. Loves learning new languages and cultures. Enjoys writing poetry and short stories. Regularly attends yoga and meditation sessions.
Chen Xin Yi,24,Male,75.8,198,Loves music and plays the guitar. Interested in technology and often experiments with coding and gadgets. Enjoys swimming and water-based activities. A food lover who enjoys trying out local cuisines.
Lim Shu Ying,58,Male,83.8,173.2,Has a passion for photography and capturing life's moments. Enjoys baking and decorating cakes. Spends free time volunteering at animal shelters. Loves adventure sports like rock climbing and kayaking.
Yeo Shu Ying,61,Female,72.9,168.2,An enthusiastic cyclist who explores new routes on weekends. Loves learning new languages and cultures. Enjoys writing poetry and short stories. Regularly attends yoga and meditation sessions.
Chen Yong Kang,62,Female,78.3,178.4,Has a passion for photography and capturing life's moments. Enjoys baking and decorating cakes. Spends free time volunteering at animal shelters. Loves adventure sports like rock climbing and kayaking.
Chen Xiu Mei,21,Male,81.3,186.7,An enthusiastic cyclist who explores new routes on weekends. Loves learning new languages and cultures. Enjoys writing poetry and short stories. Regularly attends yoga and meditation sessions.
Ng Liang Wei,63,Female,59.1,151.4,Loves music and plays the guitar. Interested in technology and often experiments with coding and gadgets. Enjoys swimming and water-based activities. A food lover who enjoys trying out local cuisines.
Wong Zhi Wei,30,Female,56.3,167.3,Loves music and plays the guitar. Interested in technology and often experiments with coding and gadgets. Enjoys swimming and water-based activities. A food lover who enjoys trying out local cuisines.
Lim Xin Yi,29,Male,76.2,182.5,Loves music and plays the guitar. Interested in technology and often experiments with coding and gadgets. Enjoys swimming and water-based activities. A food lover who enjoys trying out local cuisines.
Lim Hui Min,61,Female,74.7,156.3,Loves music and plays the guitar. Interested in technology and often experiments with coding and gadgets. Enjoys swimming and water-based activities. A food lover who enjoys trying out local cuisines.
Lee Yong Kang,23,Female,94.5,156.6,Enjoys hiking and exploring nature trails. Loves reading fiction and non-fiction books. Frequently participates in community service events. Likes experimenting with cooking new recipes. An avid traveler with a keen interest in photography.
Tan Zhi Wei,47,Male,91.8,168.9,"Passionate about playing sports, particularly badminton and basketball. Finds joy in painting and drawing. Enjoys gardening and nurturing plants. A movie enthusiast who loves both classics and modern films."
Teo Xin Yi,26,Female,50.2,168.3,"Passionate about playing sports, particularly badminton and basketball. Finds joy in painting and drawing. Enjoys gardening and nurturing plants. A movie enthusiast who loves both classics and modern films."
Chua Jia Hao,22,Male,91.8,162.3,"Passionate about playing sports, particularly badminton and basketball. Finds joy in painting and drawing. Enjoys gardening and nurturing plants. A movie enthusiast who loves both classics and modern films."
Teo Chee Meng,29,Female,91.9,188.7,Enjoys hiking and exploring nature trails. Loves reading fiction and non-fiction books. Frequently participates in community service events. Likes experimenting with cooking new recipes. An avid traveler with a keen interest in photography.
Yeo Jia Hao,34,Female,60.7,193.1,Loves music and plays the guitar. Interested in technology and often experiments with coding and gadgets. Enjoys swimming and water-based activities. A food lover who enjoys trying out local cuisines.
Yeo Yong Kang,62,Male,89.3,163.5,Loves music and plays the guitar. Interested in technology and often experiments with coding and gadgets. Enjoys swimming and water-based activities. A food lover who enjoys trying out local cuisines.
Ng Jia Hao,31,Male,75.7,175.2,"Passionate about playing sports, particularly badminton and basketball. Finds joy in painting and drawing. Enjoys gardening and nurturing plants. A movie enthusiast who loves both classics and modern films."
Lee Chee Meng,53,Male,63,165.6,"Passionate about playing sports, particularly badminton and basketball. Finds joy in painting and drawing. Enjoys gardening and nurturing plants. A movie enthusiast who loves both classics and modern films."
Yeo Xiu Mei,61,Female,76.5,164.1,Has a passion for photography and capturing life's moments. Enjoys baking and decorating cakes. Spends free time volunteering at animal shelters. Loves adventure sports like rock climbing and kayaking.
Goh Yong Kang,58,Female,54.1,191.1,An enthusiastic cyclist who explores new routes on weekends. Loves learning new languages and cultures. Enjoys writing poetry and short stories. Regularly attends yoga and meditation sessions.
Wong Xin Yi,48,Male,90.1,168.7,An enthusiastic cyclist who explores new routes on weekends. Loves learning new languages and cultures. Enjoys writing poetry and short stories. Regularly attends yoga and meditation sessions.
Goh Shu Ying,31,Male,66.4,199.1,Enjoys hiking and exploring nature trails. Loves reading fiction and non-fiction books. Frequently participates in community service events. Likes experimenting with cooking new recipes. An avid traveler with a keen interest in photography.
Teo Liang Wei,55,Female,81.4,198.1,Enjoys hiking and exploring nature trails. Loves reading fiction and non-fiction books. Frequently participates in community service events. Likes experimenting with cooking new recipes. An avid traveler with a keen interest in photography.
Lee Xiu Mei,34,Male,66.3,156.9,Loves music and plays the guitar. Interested in technology and often experiments with coding and gadgets. Enjoys swimming and water-based activities. A food lover who enjoys trying out local cuisines.
Wong Wei Jie,39,Female,50.3,163.6,"Passionate about playing sports, particularly badminton and basketball. Finds joy in painting and drawing. Enjoys gardening and nurturing plants. A movie enthusiast who loves both classics and modern films."
Tan Xiu Mei,28,Female,72.4,196.9,"Passionate about playing sports, particularly badminton and basketball. Finds joy in painting and drawing. Enjoys gardening and nurturing plants. A movie enthusiast who loves both classics and modern films."
Lim Zhi Wei,65,Female,94.1,169.6,Enjoys hiking and exploring nature trails. Loves reading fiction and non-fiction books. Frequently participates in community service events. Likes experimenting with cooking new recipes. An avid traveler with a keen interest in photography.
Yeo Chee Meng,59,Female,77.2,152.2,Enjoys hiking and exploring nature trails. Loves reading fiction and non-fiction books. Frequently participates in community service events. Likes experimenting with cooking new recipes. An avid traveler with a keen interest in photography.
Wong Hui Min,45,Male,52.1,197.1,An enthusiastic cyclist who explores new routes on weekends. Loves learning new languages and cultures. Enjoys writing poetry and short stories. Regularly attends yoga and meditation sessions.
Teo Wei Jie,64,Male,68,150.7,"Passionate about playing sports, particularly badminton and basketball. Finds joy in painting and drawing. Enjoys gardening and nurturing plants. A movie enthusiast who loves both classics and modern films."
Goh Jia Hao,42,Female,75,193.2,An enthusiastic cyclist who explores new routes on weekends. Loves learning new languages and cultures. Enjoys writing poetry and short stories. Regularly attends yoga and meditation sessions.
Chen Liang Wei,39,Female,89.8,190,Has a passion for photography and capturing life's moments. Enjoys baking and decorating cakes. Spends free time volunteering at animal shelters. Loves adventure sports like rock climbing and kayaking.
Chua Shu Ying,34,Female,65.2,180.6,Loves music and plays the guitar. Interested in technology and often experiments with coding and gadgets. Enjoys swimming and water-based activities. A food lover who enjoys trying out local cuisines.
Teo Xiu Mei,60,Male,77.1,176.8,"Passionate about playing sports, particularly badminton and basketball. Finds joy in painting and drawing. Enjoys gardening and nurturing plants. A movie enthusiast who loves both classics and modern films."
Lee Shu Ying,42,Female,90.9,184.2,Has a passion for photography and capturing life's moments. Enjoys baking and decorating cakes. Spends free time volunteering at animal shelters. Loves adventure sports like rock climbing and kayaking.
Chen Hui Min,20,Female,68.7,160,"Passionate about playing sports, particularly badminton and basketball. Finds joy in painting and drawing. Enjoys gardening and nurturing plants. A movie enthusiast who loves both classics and modern films."
Goh Xin Yi,50,Female,77,190,"Passionate about playing sports, particularly badminton and basketball. Finds joy in painting and drawing. Enjoys gardening and nurturing plants. A movie enthusiast who loves both classics and modern films."
Teo Jia Hao,30,Male,93.5,154.8,An enthusiastic cyclist who explores new routes on weekends. Loves learning new languages and cultures. Enjoys writing poetry and short stories. Regularly attends yoga and meditation sessions.
Lim Yong Kang,45,Female,91.2,198.9,Has a passion for photography and capturing life's moments. Enjoys baking and decorating cakes. Spends free time volunteering at animal shelters. Loves adventure sports like rock climbing and kayaking.
Teo Shu Ying,64,Female,86.2,174,An enthusiastic cyclist who explores new routes on weekends. Loves learning new languages and cultures. Enjoys writing poetry and short stories. Regularly attends yoga and meditation sessions.
